url_text,url,file_id
Upper Tribunal (Tax and Chancery) register of cases,https://www.gov.uk/government/publications/upper-tribunal-tax-and-chancery-register-of-cases,file-HRz48NWxBLvAbwSKq16rRU
Renewing your vehicle tax,https://www.gov.uk/vehicle-tax-direct-debit/renewing,file-4h5cYQGabC8qQa4MfKvGyH
provides childcare in Scotland,https://www.gov.uk/hmrc-internal-manuals/tax-credits-technical-manual/tctm02630#IDADIFXE,file-WXBzgnykjdiVatArpT6Eqs
Work out your new employee's tax code,https://www.gov.uk/new-employee-tax-code,file-FdSCjvVH4U7e5vwgpMpefh
Estimate your penalty for late Self Assessment tax returns and payments,https://www.gov.uk/estimate-self-assessment-penalties,file-RWqQFNigTAVp4hJbVA2MJH
"Benefit and tax credit expenditure in Great Britain, January 2013",https://www.gov.uk/government/publications/benefit-and-tax-credit-expenditure-in-great-britain-january-2013,file-GzkZLfNq6dT8RzSqaZzRG8
Pay Plastic Packaging Tax,https://www.gov.uk/guidance/pay-plastic-packaging-tax,file-MmsGeSv4AEzpdJ6aA2SwWf
International tax,https://www.gov.uk/money/international-tax,file-LyBJ8YSjNoK5L4U16U83BZ
Income Tax,https://www.gov.uk/money/income-tax,file-6BKfokt2aSDJPCiVCQigMu
Ways to pay,https://www.gov.uk/report-and-pay-your-capital-gains-tax/ways-to-pay,file-No12krBomjKW5XVg6tMc5H
Business tax and VAT,https://www.gov.uk/browse/business/business-tax,file-Jdsb9go4R4Jb3MNBuSSbEM
Tax on termination payments,https://www.gov.uk/termination-payments-and-tax-when-you-leave-a-job,file-2MP5GZ7VayrckQergzb4CZ
Money and tax,https://www.gov.uk/browse/tax,file-TdW6deWDyfzQRXFZ4rBhPq
Rates and allowances: Inheritance Tax thresholds and interest rates,https://www.gov.uk/government/publications/rates-and-allowances-inheritance-tax-thresholds-and-interest-rates,file-VrCCvAirheMKeKfdnoxTjA
Manage your tax credits,https://www.gov.uk/manage-your-tax-credits,file-W2WAEjvotRj3pknyuyejkb
Tax credits overpayments,https://www.gov.uk/tax-credits-overpayments,file-NZGkTR3ucXUcGCo6QXKYkg
By cheque through the post,https://www.gov.uk/pay-self-assessment-tax-bill/by-post,file-Sy4D8ftvS6SnhL9UsxxHZc
debit or corporate credit card online,https://www.gov.uk/pay-self-assessment-tax-bill/by-debit-or-credit-card-online?utm_source=sa-overview&utm_medium=internal-link&utm_campaign=debit-or-credit-card-online,file-WccaLmvTAnk6waH8QRop7U
ask HM Revenue and Customs ( HMRC ) for a paper form,https://www.gov.uk/government/organisations/hm-revenue-customs/contact/capital-gains-tax-enquiries-for-individuals-employees-and-self-employed,file-LxBc4swk1CtCJBe4RPUv7N
childcare provider,https://www.gov.uk/guidance/sign-in-to-your-childcare-provider-account-for-tax-free-childcare,file-RPgQ7nY6P5cSUwGgsLWiwD
Tax credits,https://www.gov.uk/government/organisations/hm-revenue-customs/contact/tax-credits-enquiries,file-Ru8RnW1AEcBKXXkKeihZMh
Make an online or telephone bank transfer,https://www.gov.uk/pay-self-assessment-tax-bill/bank-details,file-LgcD9cYLhwE55b5HEQypSL
Vehicle licences for taxis or private hire vehicles,https://www.gov.uk/taxi-vehicle-licence,file-D6Z57VKcpxUcvVBm5p7cHs
Tell HMRC about a student or postgraduate loan in your tax return,https://www.gov.uk/guidance/tell-hmrc-about-a-student-loan-in-your-tax-return,file-62PFaticAnT3KmB2RurVQD
Understanding your employees' tax codes,https://www.gov.uk/employee-tax-codes,file-6sNE9XRuWCcT3j6xkWcEKY
by debit or credit card,https://www.gov.uk/pay-self-assessment-tax-bill/by-debit-or-credit-card-online?utm_source=sa-overview&utm_medium=internal-link&utm_campaign=by-debit-or-credit-card-callout,file-8D3bcWx9y3ANm2zc2Bc86S
Child Tax Credit when your child reaches 16,https://www.gov.uk/child-tax-credit-when-child-reaches-16,file-ApGwpYkwQTRaizrQcAX7X5
"HMRC email updates, videos and webinars for Making Tax Digital",https://www.gov.uk/guidance/help-and-support-for-making-tax-digital,file-3ghgkxsRHhQfTeyqbPF3GH
Motorhomes,https://www.gov.uk/vehicle-tax-rate-tables/rates-for-motorhomes,file-MUztJP4XuaV62t3wdhqNEY
Income Tax in Wales,https://www.gov.uk/welsh-income-tax,file-DxF7ozgpTQPCBmKC7tUVmm
Inheritance Tax,https://www.gov.uk/browse/tax/inheritance-tax,file-PxE8iE4gvRdrvJennF4iCg
Self Assessment tax returns,https://www.gov.uk/self-assessment-tax-returns,file-1A9ciMk1cUL2EhxMBK4uGF
Agricultural Relief for Inheritance Tax,https://www.gov.uk/guidance/agricultural-relief-on-inheritance-tax,file-Ukt1Bdq79zA9AS6oN26KDy
Apply for a Council Tax discount,https://www.gov.uk/apply-for-council-tax-discount,file-VB7442jdto3Xgf28uF6oax
Council of Reserve Forces’ and Cadets’ Associations Scrutiny Team annual statutory report: 2023,https://www.gov.uk/government/publications/council-of-reserve-forces-and-cadets-associations-annual-report-2023,file-8maCoGptCyQuLuEc1UhU1W
Council Taxbase 2024 in England,https://www.gov.uk/government/statistics/council-taxbase-2024-in-england,file-UtRyaJ1oawf9AJevM3jCaj
Double Taxation Relief and foreign income,https://www.gov.uk/#double-taxation-relief-and-foreign-income,file-PAqXohP9wj4w2ymNX6pgpx
Inheritance Tax forms,https://www.gov.uk/government/collections/inheritance-tax-forms,file-K3xh8tp75QmZ47dpqsvnx7
Pay Stamp Duty Reserve Tax,https://www.gov.uk/guidance/pay-stamp-duty-reserve-tax,file-BNaJgBagjeon2BR4r2EUbS
you’re a pension administrator,https://www.gov.uk/government/publications/pension-schemes-notification-of-tax-deducted-r185-pension-scheme-admin,file-JZqtWXEYLMnyZ7gG9osvKW
Apply for vehicle tax in advance,https://www.gov.uk/vehicle-tax-advance,file-6GUgfXvKkDYmZedeZ23kT8
provides childcare in Wales,https://www.gov.uk/hmrc-internal-manuals/tax-credits-technical-manual/tctm02630#IDATLFXE,file-PRxvmqqHPCJ5KbS3jvWc8P
Removing a property from the Council Tax list,https://www.gov.uk/guidance/removing-a-property-from-the-council-tax-list,file-A6jPzn9ktf4gDqyqxoGT1b
Vehicle tax disc abolished: changes you need to know,https://www.gov.uk/government/news/vehicle-tax-changes,file-C88ipBb7QzcECkJfZCtwcY
Check if a vehicle is taxed,https://www.gov.uk/check-vehicle-tax,file-G2jmZ3NHx9puysHHBTdbt1
Capital Gains Tax,https://www.gov.uk/browse/tax/capital-gains,file-LAe28CMProy6ErcQGCccwV
How to renew tax credits,https://www.gov.uk/renewing-your-tax-credits-claim,file-RcNX6sF5hUfCv2sgrMuaSM
Tax if you return to the UK,https://www.gov.uk/tax-return-uk,file-WvGjvt1Q5AprSjuZF1tcAj
Breach of union rules decision: Watkins v British Medical Association (D/11/19-20),https://www.gov.uk/government/publications/breach-of-union-rules-decision-watkins-v-british-medical-association,file-PehqdQDxLfdsmy42jR7W9Q
National Employment Savings Trust Corporation annual report and accounts 2023 to 2024,https://www.gov.uk/government/publications/national-employment-savings-trust-corporation-annual-report-and-accounts-2023-to-2024,file-BsihRf39SMRW7wN3JsPm5v
Reserves Forces’ and Cadets’ Association for Wales,https://www.gov.uk/guidance/the-reserve-forces-and-cadets-association-for-wales,file-Di2UcJz4BT13RqeF8D3Smi
View a printable version of the whole guide,https://www.gov.uk/pay-self-assessment-tax-bill/print,file-9pnByhwmk9J8jzYe4P3QEg
supplementary pages,https://www.gov.uk/government/publications/self-assessment-partnership-tax-return-sa800#supplementary-pages,file-Kthc7usZBKYFgCacYh881m
Cancel a Direct Debit,https://www.gov.uk/vehicle-tax-direct-debit/cancelling,file-2MNN66bS2jxZ3S3MPzHVDt
Income tax relief on maintenance payments,https://www.gov.uk/income-tax-reliefs,file-5fV9Y7F31jHgeRguj3cK3r
Sign up voluntarily for Making Tax Digital for Income Tax,https://www.gov.uk/guidance/sign-up-your-business-for-making-tax-digital-for-income-tax,file-Jh4hw5vYV4RqT4o99L6UQu
online or telephone banking,https://www.gov.uk/pay-self-assessment-tax-bill/bank-details?utm_source=sa-overview&utm_medium=internal-link&utm_campaign=online-or-telephone-banking,file-1bft4bVLGgkCFNUUmeHo8e
Vehicle tax Direct Debit payments,https://www.gov.uk/vehicle-tax-direct-debit,file-QqubKKpfuUwHjeQvbQ9mjA
Estimate your Self Assessment tax bill,https://www.gov.uk/self-assessment-tax-calculator,file-VQSABEJwNENsYn1g9zLMbx
Apply online for Tax-Free Childcare,https://www.gov.uk/apply-for-tax-free-childcare,file-QnJHaeFteaz4iZoKtR55eH
Inheritance Tax: Double Taxation Relief,https://www.gov.uk/guidance/inheritance-tax-double-taxation-relief,file-8XY3fGxjeXz5Eph6TnoUYB
tax credits,https://www.gov.uk/help-with-childcare-costs/tax-credits?step-by-step-nav=f237ec8e-e82c-4ffa-8fba-2a88a739783b,file-2ouSUfvm34gT2Np5cNajRn
Charities and tax,https://www.gov.uk/charities-and-tax,file-NSGASVWqPB1MDGvWVZrVxT
provides childcare in Northern Ireland,https://www.gov.uk/hmrc-internal-manuals/tax-credits-technical-manual/tctm02630#IDAXOFXE,file-3TCmzYTXXt96iCa4cseVSv
View a printable version of the whole guide,https://www.gov.uk/trusts-taxes/print,file-UoNBgYLuyNhUjkVaukXR9c
Reserve Forces' and Cadets' Associations (RFCA),https://www.gov.uk/government/organisations/reserve-forces-and-cadets-associations,file-Eqdwfyc8AUuzzr4uejg82i
Get emails about this topic,https://www.gov.uk/email-signup/confirm?topic=/money/income-tax,file-5u6ZtUUy3RrQyiRMbfnjvy
evidence for your challenge,https://www.gov.uk/challenge-council-tax-band/evidence-supports-your-challenge,file-5TLYN37ktDC4YH7NJMfEB5
Approve a payment through your online bank account,https://www.gov.uk/pay-self-assessment-tax-bill/approve-payment-through-online-bank-account,file-M61cqABetX4wxToWN7Z76Y
Filing a tax return,https://www.gov.uk/money/personal-tax-self-assessment-filing-a-tax-return,file-CeFpGyMLwyPoHZwTe8kWbn
"Benefits, tax and work",https://www.gov.uk/cost-of-living/benefits-tax-work,file-35iDJqyMQusMsnSZs14jXc
Transferring unused residence nil rate band for Inheritance Tax,https://www.gov.uk/guidance/inheritance-tax-transfer-of-threshold,file-GZoE7oUkGFvupeY2qSRKUC
How to budget for your Self Assessment tax bill if you’re self-employed,https://www.gov.uk/#how-to-budget-for-your-self-assessment-tax-bill-if-youre-self-employed,file-2Qfyq9k1y7g7BQVH6XNB4D
Change how often you pay,https://www.gov.uk/vehicle-tax-direct-debit/change-payments,file-FgNjrLP1BCX5NW5SRysUAh
Contact HMRC,https://www.gov.uk/government/organisations/hm-revenue-customs/contact/income-tax-enquiries-for-individuals-pensioners-and-employees,file-QHAEStRyBS7ZktG9svKbge
you cannot pay your tax bill on time,https://www.gov.uk/difficulties-paying-hmrc/overview,file-GQr1vRhY4LENQnuYe12UhE
Cymraeg,https://www.gov.uk/guidance/tax-credits-and-some-benefits-are-ending-move-to-universal-credit.cy,file-1RD5VTFAPaT6kSwgWaTfiN
Breach of union rules decision: Watkins v British Medical Association (D/13-18/19-20),https://www.gov.uk/government/publications/breach-of-union-rules-decision-watkins-v-british-medical-association--2,file-3LM7UU3djrux8Rbc7XTbvh
Tax your vehicle,https://www.gov.uk/vehicle-tax,file-A9Jt6KvXXVTGsc56MdKESt
How to get help,https://www.gov.uk/self-assessment-tax-returns/get-help,file-HTYo2y14LHssqFsbDdQ3yT
6. Exemptions from council tax,https://www.gov.uk/#exemptions-from-council-tax,file-YTy6F2H1nyoJGmbDe6AG7D
Landfill Tax,https://www.gov.uk/money/landfill-tax,file-FKDLHrBbEQTmLvTc5HpxZt
Tax on company benefits,https://www.gov.uk/tax-company-benefits,file-J5bfByD1pb4bFk1Kuo8BWG
State Pension,https://www.gov.uk/state-pension-if-you-retire-abroad/tax-on-your-state-pension,file-718hxHoz1LcR8ue2R9rAaP
National Employment Savings Trust Corporation annual report and accounts 2022 to 2023,https://www.gov.uk/government/publications/national-employment-savings-trust-corporation-annual-report-and-accounts-2022-to-2023,file-FvTYPrJJb2ZkcB8poHEjs1
Ebbsfleet Development Corporation annual report and accounts 2019 to 2020,https://www.gov.uk/government/publications/ebbsfleet-development-corporation-annual-report-and-accounts-2019-to-2020,file-3kEv2XrVoVFiwFp6BcgkHU
Tax when you get a pension,https://www.gov.uk/tax-on-pension,file-Wzhj1jcgzGH54JD5Uoznb3
View a printable version of the whole guide,https://www.gov.uk/vehicle-tax-rate-tables/print,file-87AugPYgt9nmAgcMfJwmX1
"Pay taxes, penalties or enquiry settlements",https://www.gov.uk/guidance/pay-taxes-penalties-and-enquiry-settlements,file-2xoRGYgXUoNEps1BuDfdcQ
Pay your Self Assessment tax bill,https://www.gov.uk/pay-self-assessment-tax-bill,file-Grg5mNafqQAZw1nJ1ZsT9K
Income Tax: introduction,https://www.gov.uk/income-tax,file-9ewFyLg7wJtxiBR8GTWW2N
Our governance,https://www.gov.uk/government/organisations/reserve-forces-and-cadets-associations/about/our-governance,file-LtTw3fXx7VRhjNpDJKzZKq
If you are filling in a Self Assessment tax return for the first time,https://www.gov.uk/#if-you-are-filling-in-a-self-assessment-tax-return-for-the-first-time,file-6Cf9wntC39BSSwbh55vj8q
Tax if you leave the UK to live abroad,https://www.gov.uk/tax-right-retire-abroad-return-to-uk,file-BfkEkJCHfWrseacjAJEXxB
Disguised remuneration schemes,https://www.gov.uk/money/dealing-with-hmrc-tax-avoidance-disguised-remuneration-schemes,file-3LgYutHneB9dhKmJKLzzQG
your Capital Gains Tax on UK property account,https://www.gov.uk/report-and-pay-your-capital-gains-tax/if-you-sold-a-property-in-the-uk-on-or-after-6-april-2020,file-AS9yF9JztM6Ve16ik9fey6
Get your SA302 tax calculation,https://www.gov.uk/sa302-tax-calculation,file-RGYmCuZGLA1u4wE2XW2xTu
Trusts and Capital Gains Tax,https://www.gov.uk/trusts-taxes/trusts-and-capital-gains-tax,file-18a9PLP4RELf9A6riXELpo
Report changes that affect your tax credits,https://www.gov.uk/changes-affect-tax-credits,file-B3xKUnxWa8Lfpmczi4YgP8
Tax relief for community amateur sports clubs (CASCs),https://www.gov.uk/tax-relief-cascs,file-HHqU4SY5o2VzXoMhXvSkSK
Trusts and Income Tax,https://www.gov.uk/trusts-taxes/trusts-and-income-tax,file-8TaFnHntb2ka1vgc7Q7KEM
Self Assessment,https://www.gov.uk/browse/tax/self-assessment,file-GTqeUw3z7VckYMMRcWoWF8
Breach of union rules decision: Professor Pollock v British Medical Association (D/1/20-21),https://www.gov.uk/government/publications/breach-of-union-rules-decision-professor-pollock-v-british-medical-association,file-TL5bEymkMuo6NFfTUrB2UJ
Corporation Tax rates and reliefs,https://www.gov.uk/corporation-tax-rates,file-MMPjASQmeR9WiJBrW7mUk3
Share fisher: Income Tax and National Insurance contributions,https://www.gov.uk/guidance/share-fisherman-income-tax-and-national-insurance-contributions,file-Dq2FKrzskJt1Vhs3WWGWsa
Income Tax: detailed information,https://www.gov.uk/government/collections/income-tax-detailed-information,file-GFDUTrHVqcY9RMbUTDMQDp
Corporation Tax,https://www.gov.uk/money/corporation-tax,file-LpMVawEqoPN1BceCFUeu6e
United Kingdom Reserve Forces Association,https://www.gov.uk/government/organisations/united-kingdom-reserve-forces-association,file-PcBQdEos2YZdJ4RARe1And
Stamp Duty and other property taxes,https://www.gov.uk/#stamp-duty-and-other-property-taxes,file-CJDPgBDiXUtsxWvdcZZwCE
Market value,https://www.gov.uk/capital-gains-tax/market-value,file-LNEhCgnVVXwSMeGK9HCfzR
Guidance issued by the Certification Officer,https://www.gov.uk/government/collections/certification-officer-guidance-for-trade-unions-and-employers-associations,file-Kmhpx2T4mQcWzSacntfkQm
Log in and file a tax return,https://www.gov.uk/#log-in-and-file-a-tax-return,file-B4dUtxg1L2nLwyW5PBeTAW
Check your Income Tax for the current year,https://www.gov.uk/check-income-tax-current-year,file-29kVzN72wdjR4Nww8D7GKo
Presentation at the Association of Port Health Authorities AGM,https://www.gov.uk/government/news/presentation-at-the-association-of-port-health-authorities-agm,file-8eQDyQGSB8XdDiW5A1tMuC
software to send it electronically,https://www.gov.uk/software-tax-returns,file-Eq89Lv4TK6UK1N1z41DdmJ
Pay your tax bill by Direct Debit,https://www.gov.uk/pay-tax-direct-debit,file-KYbbTVaTbiXN2CjpUzUcQY
Capital Gains Tax,https://www.gov.uk/capital-gains-tax,file-44cAYFJMV83trKAojryXv1
Ask GOV.UK Chat about business and tax,https://www.gov.uk/chat,file-6bANKokpLUg9TYcEEBzRXg
Income Tax forms,https://www.gov.uk/government/collections/income-tax-forms,file-LvAeDsQHiEMZA96ovdUWrR
"Named tax avoidance schemes, promoters, enablers and suppliers",https://www.gov.uk/government/publications/named-tax-avoidance-schemes-promoters-enablers-and-suppliers,file-EiCjcxYf3Ju1XaLYmkg9Sx
Trusts for vulnerable people,https://www.gov.uk/trusts-taxes/trusts-for-vulnerable-people,file-U7muwL1HsdywyPAi6nYCSz
View a printable version of the whole guide,https://www.gov.uk/vehicle-tax-direct-debit/print,file-K8HijzgF2mk9mhX72NTViQ
Tax credits,https://www.gov.uk/#tax-credits,file-VYHXL1Z4pDeegpkdcoXmJH
Annual Tax on Enveloped Dwellings: service availability and issues,https://www.gov.uk/government/publications/annual-tax-on-enveloped-dwellings-service-availability-and-issues,file-R1kiWk9Vs9reZKFv1iPvCd
If you no longer need to send a tax return,https://www.gov.uk/self-assessment-tax-returns/no-longer-need-to-send-a-tax-return,file-EM7SjLPw3VJWLjLwexAfxS
Check what your tax code means,https://www.gov.uk/guidance/check-what-your-tax-code-means,file-W7VQsihytjMK6wuAxKUgSa
Local authority Council Taxbase in England 2024: Technical notes (revised),https://www.gov.uk/government/statistics/council-taxbase-2024-in-england/local-authority-council-taxbase-in-england-2024-technical-notes,file-DJh9cgmq2gV87ZRYC2FYsK
"Vehicle tax for electric, zero or low emission vehicles",https://www.gov.uk/guidance/vehicle-tax-for-electric-and-low-emissions-vehicles,file-UBRBci2FKAUZhBsBn1D1Zu
Claiming a tax refund,https://www.gov.uk/self-assessment-tax-returns/claiming-a-tax-refund,file-H3JFCiun6DpenADekeimnG
Council Tax,https://www.gov.uk/regional-and-local-government/local-government-council-tax,file-YQYez8cjxKsXnnd3UhcPVV
Check if you need to send a Self Assessment tax return,https://www.gov.uk/check-if-you-need-tax-return,file-GMGqGFSA3rgEa1yabQV5Ae
Complain to the Certification Officer about a trade union or employers' association,https://www.gov.uk/government/collections/raise-a-complaint-to-the-certification-officer,file-9Rg2FpAt9uZCTq56QHq5BX
Child Benefit tax calculator,https://www.gov.uk/child-benefit-tax-calculator,file-LKRonyXLknmKKk1k7VmsBq
Tax-Free Childcare,https://www.gov.uk/get-tax-free-childcare?step-by-step-nav=f237ec8e-e82c-4ffa-8fba-2a88a739783b,file-AUPLUx9A63r7i2dFGDZLJQ
count as income,https://www.gov.uk/claim-tax-credits/what-counts-as-income,file-2Xk5GLatW26pXDZKKaHpH6
Capital Gains Tax rates,https://www.gov.uk/capital-gains-tax/rates,file-1Qtx3yUFm1moExzaN13YxM
Claiming and dealing with tax credits for someone else,https://www.gov.uk/getting-help-with-your-tax-credits-claim,file-QoQVrpkpDha4ehgovxLT6g
Tax credits,https://www.gov.uk/welfare/tax-credits,file-MwVMJyMRDKg2AS168idFw6
Council Tax: your questions answered,https://www.gov.uk/government/news/council-tax-your-questions-answered,file-RrMCaQmVwXZd74qHQG1BaY
Registering and sending a return,https://www.gov.uk/self-assessment-tax-returns/sending-return,file-CTs34iKPAkhgF3Y53QF9ZP
"Environmental taxes, reliefs and schemes for businesses",https://www.gov.uk/green-taxes-and-reliefs,file-74F5ZUrnW2MYZE6ceNuMg5
Pay Stamp Duty Land Tax,https://www.gov.uk/guidance/pay-stamp-duty-land-tax,file-UCQa9MyNrPYXSstmq8FaCq
for a trust,https://www.gov.uk/trusts-taxes/trustees-tax-responsibilities/,file-9EUcdSc1nwYMD8A1RZtxkv
"Electric bikes: licensing, tax and insurance",https://www.gov.uk/electric-bike-rules,file-Uh15ddnpGhRxSbmoDypr8g
Check tax rates for new unregistered cars,https://www.gov.uk/check-tax-rates-new-unregistered-cars,file-Ne7DHx2wEvVKbZKh2f1DL8
SA800 form,https://www.gov.uk/government/publications/self-assessment-partnership-tax-return-sa800,file-JVy3NWGNn4owoeRMSC7WRv
Council Tax Reduction,https://www.gov.uk/council-tax-reduction,file-MonGXx9hcg1L4JdV2FFxoF
Council Taxbase statistics,https://www.gov.uk/government/collections/council-taxbase-statistics,file-GnTQVvVp5EUwAGXQgWc8Fa
Get Tax-Free Childcare: step by step,https://www.gov.uk/get-tax-free-childcare,file-BxeiVuGyS7EM986piVLazQ
Tax credits: detailed information,https://www.gov.uk/government/collections/tax-credits-detailed-information,file-PH8GyDXinRNeuoApsjcrkU
Sign up to Tax-Free Childcare if you’re a childcare provider,https://www.gov.uk/guidance/sign-up-to-tax-free-childcare-if-youre-a-childcare-provider,file-VgCD1d8rWaCP3j3G1vCUdL
"Court claims, debt and bankruptcy",https://www.gov.uk/browse/tax/court-claims-debt-bankruptcy,file-E2WyY3nxouPcgo2z82XXVv
Trusts and taxes,https://www.gov.uk/trusts-taxes,file-9jaEm1UZvUa41nRrJFWYeY
File your accounts and Company Tax Return,https://www.gov.uk/file-your-company-accounts-and-tax-return,file-EGExFhiknqssbT7fPPoShX
Tax on a private pension you inherit,https://www.gov.uk/tax-on-pension-death-benefits,file-H1H7XKJf2Bxc4CX8hP7oLx
"Your benefits, tax and pension after the death of a partner",https://www.gov.uk/death-spouse-benefits-tax-pension,file-6qrhwHVsaZ1aUQHpsCDZH1
Cryptoassets and paying tax,https://www.gov.uk/#cryptoassets-and-paying-tax,file-WK6ySk6wc683SBNDtFaBa9
Vehicle tax rates (V149 and V149/1),https://www.gov.uk/government/publications/rates-of-vehicle-tax-v149,file-YCqJGw2Z5GLhxjuZo1tV2L
Pay your Corporation Tax bill,https://www.gov.uk/pay-corporation-tax,file-GcyA36xvHYNFzfCb1M9VqH
View a printable version of the whole guide,https://www.gov.uk/tax-uk-income-live-abroad/print,file-NiUJJ8UfH3tfEZhbY1D1qz
Tax is not due to run out,https://www.gov.uk/change-vehicle-tax-class/tax-not-due-to-run-out,file-4RmADAskpUJoXkjDi9mdXW
Accounting periods for Corporation Tax,https://www.gov.uk/corporation-tax-accounting-period,file-X7vHGjU1T7Zgumib3Zg2Qr
Check how much Income Tax you paid last year,https://www.gov.uk/check-income-tax-last-year,file-13BApDrVWyi2rdwsFdd9jQ
Work out if you'll pay Welsh Income Tax,https://www.gov.uk/guidance/work-out-if-youll-pay-welsh-income-tax,file-S3w4NvueNHRV8UK9kYpjGP
Car fuel and CO2 emissions data,https://www.gov.uk/co2-and-vehicle-tax-tools,file-An6B4d4wy9gaWcxmXK5gPt
Record keeping,https://www.gov.uk/capital-gains-tax/records,file-N8LdPZL5EmoSCJhjNSxy2X
Set up a limited company and register for Corporation Tax: service availability and issues,https://www.gov.uk/government/publications/set-up-a-limited-company-and-register-for-corporation-tax-service-availability-and-issues,file-EbbU4ASRtoZuBDNdCphsCR
National Insurance and tax after State Pension age,https://www.gov.uk/tax-national-insurance-after-state-pension-age,file-QfciKy4x5TfKHBcUSGK3oF
Pain Association Scotland,https://www.gov.uk/support-for-veterans/pain-association-scotland,file-F7ZVBLiowKqpJe7AQS3BaQ
Dealing with HMRC,https://www.gov.uk/browse/tax/dealing-with-hmrc,file-SUuwL6yeymqB6pkWkEF6QN
Tax evasion and avoidance,https://www.gov.uk/money/tax-evasion-and-avoidance,file-4qGJ7iJh8w8tKjxmMQ6cMf
United Kingdom Reserve Forces Association – About us,https://www.gov.uk/government/organisations/united-kingdom-reserve-forces-association/about,file-XPBuzC62mjb193xzt1eMVz
CHAPS,https://www.gov.uk/pay-self-assessment-tax-bill/bank-details?utm_source=sa-overview&utm_medium=internal-link&utm_campaign=chaps,file-NZ6tuSNLGh7jyNJtnw2Q33
View a printable version of the whole guide,https://www.gov.uk/capital-gains-tax/print,file-HhwEGtHQwuwuvuVGsgprET
Shares and assets valuations for tax purposes,https://www.gov.uk/government/collections/shares-and-assets-valuation-for-tax-purposes,file-KsNbtZ5ZwnTM5kTuUHkY1J
Tax credits debt in Universal Credit,https://www.gov.uk/government/publications/tax-credits-debt-in-universal-credit,file-5jCw1j1kgdHderjt6dJtFZ
Dormant companies and associations,https://www.gov.uk/dormant-company,file-BZAyRtsVgVAvCEjCfDERai
Stamp duty and other tax on property,https://www.gov.uk/money/stamp-taxes,file-8kaTWkMF9G4ybYRMSxca9V
Tax when you sell your home,https://www.gov.uk/tax-sell-home,file-1x78NLuvcpe4psVEMDrpo7
Business Relief for Inheritance Tax,https://www.gov.uk/business-relief-inheritance-tax,file-EaTanGutwZAdkFs4Q3gNuY
Tell HMRC about Capital Gains Tax on UK property or land if you’re not a UK resident,https://www.gov.uk/guidance/capital-gains-tax-for-non-residents-uk-residential-property,file-RE85WCXSgr1SY8Jd2vBsJa
Check your Council Tax band,https://www.gov.uk/council-tax-bands,file-LYiC3ejg9znGjmqMoNpbbC
Self Assessment,https://www.gov.uk/employment/business-tax-self-employed-self-assessment,file-TmxhLMtyxJprqX8xM13F28
Disagree with a tax decision or penalty,https://www.gov.uk/tax-appeals,file-HSgAZeRH3nyWwegF8Vt4uV
Get emails,https://www.gov.uk/email-signup?link=/government/organisations/reserve-forces-and-cadets-associations,file-Pxok4LHAenXVVZ6LpBAkpE
Historic (classic) vehicles: MOT and vehicle tax,https://www.gov.uk/historic-vehicles,file-VL1uhq7xtixHvzjp6ZBG8p
Work out your gain,https://www.gov.uk/tax-sell-property/work-out-your-gain,file-5yrqYyK5W3SRSBQUL77pBy
Childcare service: service availability and issues,https://www.gov.uk/government/publications/tax-free-childcare-service-service-availability-and-issues,file-TaZkuTXA7BEtjgXfBGfSj3
If you make a loss,https://www.gov.uk/capital-gains-tax/losses,file-DoBzx6qc63iL5kcZLuajp6
If you're taxed twice,https://www.gov.uk/tax-uk-income-live-abroad/taxed-twice,file-JGX4GGR3hAbXNsxP6qwwuB
Pay your tax bill by Certificate of Tax Deposit,https://www.gov.uk/guidance/certificate-of-tax-deposit-scheme,file-U8LtYQpRVS4DcFSDgNGLcR
Inheritance Tax reduced rate calculator,https://www.gov.uk/inheritance-tax-reduced-rate-calculator,file-TGJ9QFkqVkGP5xVdoCec2R
National Employment Savings Trust Corporation annual report and accounts 2021 to 2022,https://www.gov.uk/government/publications/national-employment-savings-trust-corporation-annual-report-and-accounts-2021-to-2022,file-8e4RM343QsdXnRkZwtMcAD
Working Tax Credit,https://www.gov.uk/working-tax-credit,file-G5sYmFHzy4YNansKZgTvcK
Government Tax Profession – About us,https://www.gov.uk/government/organisations/civil-service-government-tax-profession/about,file-RmwGX1gD8vQMX1PzZg2R8M
Tax on dividends,https://www.gov.uk/tax-on-dividends,file-JDSW5nRv3doHSgiQARsFDJ
Appeal to the Upper Tribunal (Tax and Chancery),https://www.gov.uk/tax-upper-tribunal,file-2DK9itdCbu58G2qc7LKhiL
Tax credits checks,https://www.gov.uk/tax-credits-checks,file-LQ7fd4dPCARxUF7Watt2rG
Trusts and Inheritance Tax,https://www.gov.uk/trusts-taxes/trusts-and-inheritance-tax,file-QEw9C1Pozgz9kwxRntCePS
If you have other capital gains to report,https://www.gov.uk/report-and-pay-your-capital-gains-tax/if-you-have-other-capital-gains-to-report,file-RpqRFU6k8ZpQTsnJMVpXBR
Tax when you buy shares,https://www.gov.uk/tax-buy-shares,file-Gr2jdgAk2BCcQH6oWcfDrr
Pay your Council Tax,https://www.gov.uk/pay-council-tax,file-5n9xzaaiLnvEszeYMpQu4C
Tax when you sell property,https://www.gov.uk/tax-sell-property,file-BE5Ac29GYMmntLjvH8qh4Q
Find out if you’ll pay tax on your pension,https://www.gov.uk/tax-on-pension?step-by-step-nav=c0ff9296-e91e-40d1-97bd-008026e90426,file-R8GzQZNuFdHDj6sexf4M1U
Apply to tax a Heavy Goods Vehicle (HGV),https://www.gov.uk/vehicle-tax-hgv,file-8iQpNKf8eN17TXNb6pBp6E
Tax credits: work out your childcare costs,https://www.gov.uk/childcare-costs-for-tax-credits,file-1PMt8aEPAuMCWZAaMi46Nb
self-employed tax calculator,https://www.gov.uk/self-employed-tax-calculator,file-6nZPqFT34zh4khysim2vjZ
Report and pay your Capital Gains Tax,https://www.gov.uk/report-and-pay-your-capital-gains-tax,file-47A7EKotpGsXeg88EuQfhG
Check your Simple Assessment tax bill,https://www.gov.uk/check-simple-assessment,file-5cW8gu2emaCTuh9gn2eJdc
Plastic Packaging Tax: service availability and issues,https://www.gov.uk/government/publications/register-for-plastic-packaging-tax-service-availability-and-issues,file-HBbatEyjm5sWzkjrVp7ANu
Tax when you sell shares,https://www.gov.uk/tax-sell-shares,file-9RyiQZ8cFhJQwinkmZ7X2c
Swap your council or housing association home,https://www.gov.uk/apply-swap-homes-council,file-QrzwFv6JRXXGbirF2oibzK
Corporation Tax,https://www.gov.uk/corporation-tax,file-43aN1B2FjRJgkZnf3pzaoh
DPTAC position on taxis and private hire vehicles,https://www.gov.uk/government/publications/dptac-position-on-taxis-and-private-hire-vehicles,file-MDwf7bAQGshir62crbDbbv
Estimate your Income Tax for the current year,https://www.gov.uk/estimate-income-tax,file-UETY78gM19Mwq6uBoAvi4i
payment for your vehicle tax,https://www.gov.uk/vehicle-tax-rate-tables,file-8LJ2AGFzqYTgtF6trKWXPi
By debit or corporate credit card online,https://www.gov.uk/pay-self-assessment-tax-bill/by-debit-or-credit-card-online,file-3di5BB7W3Nrr9BYZXg1y7y
Work out the new tax rate,https://www.gov.uk/change-vehicle-tax-class/work-out-new-tax-rate,file-VGvR4rJ6pDC3ev7tRydCa9
Completing your Self Assessment tax return,https://www.gov.uk/government/collections/completing-your-self-assessment-tax-return,file-NLo39kzb9AwgkS3eYFUov9
Breach of Union rules decision: Meechan & Others v British Air Line Pilots Association (D/15/21-22),https://www.gov.uk/government/publications/breach-of-union-rules-decision-meechan-others-v-british-air-line-pilots-association-pdf-format,file-AdYYZwSUqAvbS1HffaXs79
How to claim tax credits,https://www.gov.uk/claim-tax-credits,file-GQJDQCdRer54jUAf74xqPa
Simplified expenses if you're self-employed,https://www.gov.uk/simpler-income-tax-simplified-expenses,file-97rc2mvksKVGa4VHVDRnwP
Check how to claim a tax refund,https://www.gov.uk/claim-tax-refund,file-V8BMqiigc4o97CBArCGTEQ
Making Tax Digital for Income Tax: service availability and issues,https://www.gov.uk/government/publications/use-software-to-send-income-tax-updates-service-availability-and-issues,file-48vw2r9NeyB9nSXw6RThgf
,https://www.gov.uk/government/publications/upper-tribunal-tax-and-chancery-chamber-hearing-list/upper-tribunal-tax-and-chancery-chamber-hearing-lists,file-LDSkXDmoKCLdsub8fJRsAR
pension outside the UK,https://www.gov.uk/tax-foreign-income/paying-tax,file-6ychkJVDfFnwm6RvY4rXy5
Direct Debit,https://www.gov.uk/pay-self-assessment-tax-bill/direct-debit?utm_source=sa-overview&utm_medium=internal-link&utm_campaign=direct-debit-5,file-KzvLKzah5hza4sqEuD5XoK
Tax and Employee Share Schemes,https://www.gov.uk/tax-employee-share-schemes,file-6XhSGTUbtpdjZrMgacHkyU
Tell HMRC your company is dormant for Corporation Tax,https://www.gov.uk/tell-hmrc-your-company-is-dormant-for-corporation-tax,file-KieUdT9mv2UUPybUxPcwVY
Breach of union rules decision: Peros v Napo - the Trade Union and Professional Association for Family Court and Probation Staff,https://www.gov.uk/government/publications/breach-of-union-rules-peros-v-napo-the-trade-union-and-professional-association-for-family-court-and-probation-staff,file-HejDu5GSioBDdLER1ZbXER
tax credits,https://www.gov.uk/changes-affect-tax-credits?step-by-step-nav=f237ec8e-e82c-4ffa-8fba-2a88a739783b,file-7J6Bnx7HdCB3SfUKZ7vA9u
report your client’s Capital Gains Tax on UK property as an agent,https://www.gov.uk/guidance/managing-your-clients-capital-gains-tax-on-uk-property-account,file-N6QCkfMALwGtMYHQxJapNy
Check how much you’ll have to pay to tax your vehicle,https://www.gov.uk/vehicle-tax-rate-tables?step-by-step-nav=58fad183-27f5-4dd9-b51e-696c992373d7,file-BoazvcnYBNhdJR4J83LHsA
How domestic properties are assessed for Council Tax bands,https://www.gov.uk/guidance/understand-how-council-tax-bands-are-assessed,file-Q7UR2kDUhbYS5p3ckSyBC4
Disabled People’s Employment Corporation (GB) Ltd,https://www.gov.uk/government/organisations/disabled-peoples-employment-corporation,file-GhGhDFRJqQEJjeL95wGsMv
Tax codes,https://www.gov.uk/tax-codes,file-GHe9N4zcD376sT6wJCFbrn
Disabled People’s Employment Corporation (GB) Limited: final annual report,https://www.gov.uk/government/publications/disabled-peoples-employment-corporation-gb-limited-final-annual-report,file-WpatRCK4stNBCFnjAg9JHk
Check your payment has been received,https://www.gov.uk/pay-self-assessment-tax-bill/check-payment-received,file-JUcmPCPUJkg2twk2zPTveF
change your vehicle’s tax class,https://www.gov.uk/change-vehicle-tax-class/tax-due-to-run-out-or-changing-if-vehicle-is-exempt,file-ULUerHRDFX7Ct3LA7ff7XP
Breach of Union rules decision: Watkins v British Medical Association (D/12/21-22),https://www.gov.uk/government/publications/breach-of-union-rules-decision-watkins-v-british-medical-association-pdf-format,file-PsWT3fFK5Aw6YBhsLHMf87
Check if you need to tell HMRC about additional income,https://www.gov.uk/check-additional-income-tax,file-8PNWG5zRuaoKXtskm2d3A8
Work out if you need to pay,https://www.gov.uk/capital-gains-tax/work-out-need-to-pay,file-2TX7gDu93sf4Q9TAS1hX6d
Stamp Taxes: service availability and issues,https://www.gov.uk/government/publications/stamp-taxes-service-availability-and-issues,file-96BKm8Tb446JFZd8Sj6st1
At your bank or building society,https://www.gov.uk/pay-self-assessment-tax-bill/bank-or-building-society,file-49iHHtBvEMMevQhNQ47jP5
"4. Chargeable dwellings, exemptions, and discounts by council tax band",https://www.gov.uk/#chargeable-dwellings-exemptions-and-discounts-by-council-tax-band,file-CNEd1GgdhbhWsXKLaTjyjb
If you need to change your return,https://www.gov.uk/self-assessment-tax-returns/corrections,file-M2urWSauYyCKRKia8Cna4n
Disabled People’s Employment Corporation (GB) Limited: annual report 2016 to 2017,https://www.gov.uk/government/publications/disabled-peoples-employment-corporation-gb-limited-annual-report-2016-to-2017,file-8rUJJD7AXRHefShKJTZGpH
Confirm an applicant has done a tax check: service availability and issues,https://www.gov.uk/government/publications/confirm-an-applicant-has-done-a-tax-check-service-availability-and-issues,file-CNy9XvJjUwUbmdjod826Lk
Capital Gains Tax on personal possessions,https://www.gov.uk/capital-gains-tax-personal-possessions,file-6Bzm5ztfP4GZWBWPSrA1YD
Manage permissions for tax software,https://www.gov.uk/permission-software-tax-information,file-2LPAsLQTGktcv92PS9D1aG
Corporation Tax,https://www.gov.uk/#corporation-tax,file-1fb61f55X5sS11eFARfk3p
SA700 form,https://www.gov.uk/government/publications/self-assessment-non-resident-company-income-tax-return-sa700,file-JiHF1D1X4SrCjXrAg7aCZz
If you're a UK resident,https://www.gov.uk/tax-uk-income-live-abroad/uk-resident,file-A5JdKG3uaE2VvYq8B99ug7
Direct Debit,https://www.gov.uk/pay-self-assessment-tax-bill/direct-debit?utm_source=sa-overview&utm_medium=internal-link&utm_campaign=direct-debit-3,file-4gzPAZyWzL3kUD7QdEg4S1
Pay your Inheritance Tax bill,https://www.gov.uk/paying-inheritance-tax,file-Ny2MX2hdxtrkcJKyy1in4N
Driving licences and car tax,https://www.gov.uk/contact-the-dvla,file-C5aRNwRUnvjADRYjTTaM33
Exporting goods and services,https://www.gov.uk/money/business-tax-vat-exporting-goods-and-services,file-4iBXJYHfyne27EsVAvrXpZ
Company Tax Returns,https://www.gov.uk/company-tax-returns,file-9rxwxC9gYXuHorHVSm9TxB
Council housing and housing associations,https://www.gov.uk/browse/housing-local-services/council-housing-association,file-NtJ4tgbehHt1BARbTCpe1e
Pay Council Tax arrears,https://www.gov.uk/council-tax-arrears,file-49tRGfL57zGUtpMD6oRYPc
download the SA100 tax return form,https://www.gov.uk/government/publications/self-assessment-tax-return-sa100,file-3ZHNvDaEher4DxzxnG5NdY
Get help with tax,https://www.gov.uk/tax-help,file-RxkzFKRfo9cWoe5tWYSmA4
How Council Tax works,https://www.gov.uk/council-tax,file-NibmHgRsGYTkfgjUEXRJyB
Check what taxes may apply to you as a sole trader,https://www.gov.uk/guidance/check-what-taxes-may-apply-to-you-as-a-sole-trader,file-MCZPX5YQ9aADhxphssJkN8
Personal tax,https://www.gov.uk/money/personal-tax,file-UeMuUzRi6jZ749XUAS1cwn
Pay annual tax on enveloped dwellings,https://www.gov.uk/guidance/pay-annual-tax-on-enveloped-dwellings,file-KFAJFD5GnqGMUVzZhBc6Qz
Change your vehicle's tax class,https://www.gov.uk/change-vehicle-tax-class,file-GiacabK1H7Cj8rmnsJdL86
call HMRC and ask for the SA100 tax return form,https://www.gov.uk/government/organisations/hm-revenue-customs/contact/self-assessment-forms-ordering,file-5MHrEJe2N2V9oYY6ZnAGGP
Tax credits if you leave or move to the UK,https://www.gov.uk/tax-credits-if-moving-country-or-travelling,file-3MT68QdUbiccYhBHyWjrWa
Estimate your Income Tax for a previous tax year,https://www.gov.uk/estimate-income-tax-previous-year,file-WCs9yES7gAQfsG4JrCRKSs
"Vehicle tax, MOT and insurance",https://www.gov.uk/browse/driving/vehicle-tax-mot-insurance,file-GLiMigBkwqYbgnJdRxo97n
Start paying Council Tax,https://www.gov.uk/guidance/start-paying-council-tax,file-3mLfmfd2grVPMfarhAEdzv
Pay your Simple Assessment tax bill,https://www.gov.uk/simple-assessment,file-7EqruVKxzMvRoZrDUyCY3y
Local authority Council Taxbase in England: 2024 (revised),https://www.gov.uk/government/statistics/council-taxbase-2024-in-england/local-authority-council-taxbase-in-england-2024,file-QHnvhxyQikPVGnj2WuzYob
DVLA digital service update allows motorists to tax vehicle without log book and tax reminder letter,https://www.gov.uk/government/news/dvla-digital-service-update-allows-motorists-to-tax-vehicle-without-log-book-and-tax-reminder-letter,file-7fXBCdjLb3kaczvj3kQDQ1
Sign in to your HMRC business tax account,https://www.gov.uk/guidance/sign-in-to-your-hmrc-business-tax-account,file-9HZvhpBhqv4uPmjun8DjGJ
apply at a Post Office,https://www.gov.uk/vehicle-tax#other-ways-to-apply,file-TB9matmhd6BmjdYfMLbnvn
No tax changes for online sellers,https://www.gov.uk/government/news/no-tax-changes-for-online-sellers,file-CN3EFZP6MYoYCsoEnCoi3n
Information for tax agents and advisers,https://www.gov.uk/government/collections/tax-agents-and-advisers-detailed-information,file-XJ7YZMVFb2DEqausJwbjp6
Driver licences for taxis and private hire vehicles,https://www.gov.uk/taxi-driver-licence,file-Sj9V1N5HgbPqcDokqe1JLm
Tax if you live abroad and sell your UK home,https://www.gov.uk/tax-live-abroad-sell-uk-home,file-GpJmRE4JTAxA4VoXXjSWrs
Tax agent and adviser guidance,https://www.gov.uk/money/tax-agent-guidance,file-W1AJeSbBsJcsSEKQdmo7s6
report and pay Capital Gains Tax on UK property,https://www.gov.uk/capital-gains-tax/reporting-and-paying-capital-gains-tax,file-BmK1Radz1HM8MaveKYFtsC
Pay tax as a pension scheme administrator,https://www.gov.uk/guidance/pension-scheme-administrators-paying-tax,file-C7p43ZsdrZeemkmWTfz7Fx
Submit a Digital Services Tax return: service availability and issues,https://www.gov.uk/government/publications/submit-a-digital-services-tax-return-service-availability-and-issues,file-WWqnU1WEBAe427MCjdVMig
Tax on savings interest,https://www.gov.uk/apply-tax-free-interest-on-savings,file-5h4c63nTs9SPfdJhCY6vgP
Insurance Premium Tax,https://www.gov.uk/#insurance-premium-tax,file-Xobb8tHUfuKAicSgr3vTRH
deadline,https://www.gov.uk/self-assessment-tax-return-deadlines,file-RGXtDzerVj5n8YjYj1CqXq
Capital Gains Tax,https://www.gov.uk/#capital-gains-tax,file-6oHLihVFQrAG1Y5ZrjYZE5
CNC hosts National Black Police Association Cabinet meeting,https://www.gov.uk/government/news/cnc-hosts-national-black-police-association-cabinet-meeting,file-T1ufP1ayXeessjJ1QVEsYN
see rates and thresholds for previous tax years,https://www.gov.uk/government/publications/rates-and-allowances-national-insurance-contributions/rates-and-allowances-national-insurance-contributions,file-FypGqf1Y6mKCG7pAwCXYEq
Government procurement department marks 10th anniversary having saved taxpayers £3.8 billion last year alone,https://www.gov.uk/government/news/government-procurement-department-marks-10th-anniversary-having-saved-taxpayers-38-billion-last-year-alone,file-UpLXTnVWg8SZxAdKQPSUFT
full list of supplementary pages,https://www.gov.uk/government/publications/self-assessment-tax-return-sa100#supplementary-pages,file-CZKMPYvL9vzUmGZiwpmiQv
Ebbsfleet Development Corporation annual report and accounts 2020 to 2021,https://www.gov.uk/government/publications/ebbsfleet-development-corporation-annual-report-and-accounts-2020-to-2021,file-DVykPZPvzS4Y7gy3hkFm6D
Calculate tax on employees' company cars,https://www.gov.uk/calculate-tax-on-company-cars,file-R4xDtw1P9YLe1qdKuqDtru
Parental trusts for children,https://www.gov.uk/trusts-taxes/parental-trusts-for-children,file-6MxMYshcfPt1Nw3ynjnwCn
do not have to pay anything,https://www.gov.uk/vehicle-exempt-from-vehicle-tax,file-Au5GeVw5MRLB6o4k8Mo4HW
Unincorporated associations,https://www.gov.uk/unincorporated-associations,file-7zbmjn6fpr5x3M5nRX1m6v
Beneficiaries - paying and reclaiming tax on trusts,https://www.gov.uk/trusts-taxes/beneficiaries-paying-and-reclaiming-tax-on-trusts,file-9k5BwYveiYnZSUGvkCbKT9
Change bank account or payment method,https://www.gov.uk/vehicle-tax-direct-debit/change-accounts,file-8Dukbnp1SbmeaUM8sc5uMV
keep records,https://www.gov.uk/trust-record-keeping-for-tax-purposes,file-TgJ4n4tUBaCMhkZJufpafh
The trade union and employers’ association levy,https://www.gov.uk/guidance/the-trade-union-and-employers-association-levy,file-AL5wrbp4TJjTsc6FBNZzd9
Housing association homes,https://www.gov.uk/housing-association-homes,file-5YZv2z6L2MySTZYQrMxyEh
Official list  of employers' associations and their annual returns,https://www.gov.uk/government/publications/official-list-of-employers-associations,file-CMMTGJSvEo1sAm3M5N2DzD
Festive finances: Budget for Christmas and spread the cost of tax bills,https://www.gov.uk/government/news/festive-finances-budget-for-christmas-and-spread-the-cost-of-tax-bills,file-WACXKJH6cHt68U5YJiZ7VU
Register for Digital Services Tax and change your details: service availability and issues,https://www.gov.uk/government/publications/register-for-digital-services-tax-and-change-your-details-service-availability-and-issues,file-2y8FDZaf5go2CKg5ynvtQh
V10 form,https://www.gov.uk/government/publications/application-for-vehicle-tax-v10,file-YQ1G5ntykDQj662Tf9h9SE
Self-catering holiday homes: movement between non-domestic and Council Tax rating lists,https://www.gov.uk/government/statistics/announcements/self-catering-holiday-homes-movement-between-non-domestic-and-council-tax-rating-lists,file-EAxUyTKC1aAv2gtMg8vcG7
Personal Allowance,https://www.gov.uk/tax-uk-income-live-abroad/personal-allowance,file-Ajkh7NQWKgaKJkC6JtG743
VAT,https://www.gov.uk/browse/tax/vat,file-GtjoxTUvKoQxXCceD8nrRk
Tax tribunal decisions,https://www.gov.uk/tax-tribunal-decisions,file-UfmbB4PTf2y6pnkut5zGN8
Apply to be on the official list of trade unions or employers’ associations,https://www.gov.uk/guidance/applying-to-be-on-the-official-list-of-trade-unions-or-employers-associations,file-Qx8AN5WZ3Mo5rVgVJes8Mi
supplementary pages,https://www.gov.uk/government/publications/self-assessment-trust-and-estate-tax-return-sa900#supplementary-pages,file-NJgrEThANCS3yMn7fM4FUr
File your gambling tax return,https://www.gov.uk/file-gambling-tax-return,file-88ZVxmKzc3yNVsEYAiHprV
National Insurance,https://www.gov.uk/browse/tax/national-insurance,file-BAJy3bsXLhYZ5FQNipovkt
Check how the government spends your taxes — Annual Tax Summary,https://www.gov.uk/guidance/annual-tax-summary,file-E6gouZfFxN7f2zQZwrGwWX
The Code of Practice on Taxation for Banks Annual Report 2024,https://www.gov.uk/government/publications/the-code-of-practice-on-taxation-for-banks-annual-report-2024,file-QQtJJLmyUs4v7qDrdUWwWB
Rental income,https://www.gov.uk/tax-uk-income-live-abroad/rent,file-AaeWjDU2ceF22vgwdRijeb
Gambling Tax: service availability and issues,https://www.gov.uk/government/publications/gambling-tax-service-availability-and-issues,file-E1qdpNiTgCbfuv2kGdPNjV
Penalties,https://www.gov.uk/self-assessment-tax-returns/penalties,file-8DtdMUnwpLVWWkzc5q2Nfe
Through your tax code,https://www.gov.uk/pay-self-assessment-tax-bill/through-your-tax-code,file-6kQ9ThiJSbrU93SxSAkBNj
Upper Tribunal Tax and Chancery Chamber hearing list,https://www.gov.uk/government/publications/upper-tribunal-tax-and-chancery-chamber-hearing-list,file-1MBEKMMfGjNA6jMy3GKf1J
Report an untaxed vehicle,https://www.gov.uk/report-untaxed-vehicle,file-NQWaA5rk4qHXuVB8DibUr7
Corporation Tax: service availability and issues,https://www.gov.uk/government/publications/corporation-tax-service-availability-and-issues,file-Cf7D4KE6Yaugg3XfJ12xzL
Importing goods and services,https://www.gov.uk/money/business-tax-vat-importing-goods-and-services,file-WrXRZPj2HPaoUdJJSPNbhg
Health and wellbeing during COVID-19,https://www.gov.uk/coronavirus-taxon/health-and-wellbeing,file-GAvkhjx7FdevFNckGfwmDr
Pay employers' PAYE,https://www.gov.uk/pay-paye-tax,file-5JZurTQu1unYNeQZio5eLC
fill in form IHT100,https://www.gov.uk/guidance/tell-hmrc-that-inheritance-tax-is-due-on-a-gift-or-trust-iht100,file-8JKKCbZYo5X2eyNBj9ZtVt
Help friends or family with their tax,https://www.gov.uk/help-friends-family-tax,file-3rRdZ22fwZvrQUshkzJdgB
trustee of a registered trust,https://www.gov.uk/trusts-taxes/trustees-tax-responsibilities,file-X3EiXXJufSNxS27PukWrnK
complete your Self Assessment tax return if you’re an individual,https://www.gov.uk/guidance/use-software-to-help-complete-your-self-assessment-tax-return,file-8WgZaLzSUrziVG15JQXNFi
Complain to the Certification Officer about a trade union or an employers’ association,https://www.gov.uk/guidance/complain-to-the-certification-officer-about-a-trade-union-or-an-employers-association,file-WWrCZJGSrJY3YszBXo4Wab
Pay Insurance Premium Tax,https://www.gov.uk/guidance/pay-insurance-premium-tax,file-WfcMUcPaTt1HktXNHcQUDP
Get emails,https://www.gov.uk/email-signup?link=/government/organisations/civil-service-government-tax-profession,file-9bBjYtQpoBjeBCGJXtkciV
Tax on your private pension contributions,https://www.gov.uk/tax-on-your-private-pension,file-XgabV9hdR9crfZYSzFBbAf
Council and housing association evictions,https://www.gov.uk/council-housing-association-evictions,file-H7mC2cJ8sdiYLCcqAhqmm4
Tax overpayments and underpayments,https://www.gov.uk/tax-overpayments-and-underpayments,file-HQhpbzXTkL45EeeAnpAo8g
Check employment status for tax: service availability and issues,https://www.gov.uk/government/publications/check-employment-status-for-tax-service-availability-and-issues,file-LbxsdW9emxLqxpcfcESXui
High Income Child Benefit Charge,https://www.gov.uk/child-benefit-tax-charge,file-FEsBRvhcpCB9DXxUmjuvf8
"Change your address, email or name",https://www.gov.uk/vehicle-tax-direct-debit/change-address-name,file-RCAr8gtYk9DM63WNd5D6ZL
read the guidance notes,https://www.gov.uk/government/publications/self-assessment-short-tax-return-notes-sa210,file-RjrmquaX7QRMN5caHFMVcT
Income Tax losses toolkit,https://www.gov.uk/government/publications/hmrc-income-tax-losses-toolkit,file-FRSPDh6caDzn4MhiMtzCXm
Tax and National Insurance,https://www.gov.uk/#tax-and-national-insurance,file-8ZDkdFDJDJp2qJjJU5coD5
UK resident,https://www.gov.uk/tax-foreign-income/residence,file-H2baFJtJmVcxYCndz23yva
Tax compliance,https://www.gov.uk/money/tax-compliance,file-N76tXfp2ZQTsCeXdAfa36u
Child Tax Credit,https://www.gov.uk/child-tax-credit,file-ECkviw7qQZtQw7xiNTqTud
Breach of union rules decision Dr Elliott & Dr Borbora v British Medical Association,https://www.gov.uk/government/publications/dr-elliott-dr-borbora-v-british-medical-association,file-8pmeotpt2A84o6ugNacWa2
View a printable version of the whole guide,https://www.gov.uk/self-assessment-tax-returns/print,file-3XaKa3ktW5KAiLZ2N2zPwi
Bacs,https://www.gov.uk/pay-self-assessment-tax-bill/bank-details?utm_source=sa-overview&utm_medium=internal-link&utm_campaign=bacs,file-HzxyvPXqLi6WP25f4KKw2o
Sign up your client for Making Tax Digital for Income Tax,https://www.gov.uk/guidance/sign-up-your-client-for-making-tax-digital-for-income-tax,file-Q2agZM8MuRyLQqLvuhEpYF
Apply for Council Tax Reduction,https://www.gov.uk/apply-council-tax-reduction,file-GVpKp9PUQvJCBARzbv4d99
Registering for Self Assessment,https://www.gov.uk/money/personal-tax-self-assessment-registering-for-self-assessment,file-F4Rg26X1pyL6vpsxJQnBRv
estimate how much you should have paid for a previous year,https://www.gov.uk/check-income-tax,file-3vbzZawA4ELpmQQbBSz7cG
Report tax fraud or avoidance to HMRC,https://www.gov.uk/report-tax-fraud,file-GJwRQvj2HGwyh4moxjWwqY
Income Tax,https://www.gov.uk/browse/tax/income-tax,file-FaojKBxUt5n3vQc1CTgRqR
"Special rules apply if you give a UK property to your spouse, your civil partner, or to charity",https://www.gov.uk/capital-gains-tax/gifts,file-7HFTm6ji98mzNH3WWrJBT1
Landfill Tax: service availability and issues,https://www.gov.uk/government/publications/landfill-tax-service-availability-and-issues,file-C6Gr9ugfBRKT2G4xWGJRE8
Stamp Duty Land Tax,https://www.gov.uk/stamp-duty-land-tax,file-1s1pV899pbvy3WV1vBHNnw
Check or update your company car tax,https://www.gov.uk/update-company-car-details,file-Nr7eAhca5XR7RW3dNus8cQ
Universal Credit and tax credits,https://www.gov.uk/government/publications/universal-credit-and-tax-credits/universal-credit-and-tax-credits,file-CVMZePi4thdizcXJyi2nUb
State Pension and tax,https://www.gov.uk/#state-pension-and-tax,file-FeSQT61ogSM5419cucvUKk
Cash basis,https://www.gov.uk/simpler-income-tax-cash-basis,file-N7gw5LYfXFLNGaPKNGkmjd
Council Tax,https://www.gov.uk/browse/housing-local-services/council-tax,file-JPRuhPYq554SsV5ZK7V7fv
Manage team members using your HMRC business tax account,https://www.gov.uk/guidance/manage-team-members-using-your-hmrc-business-tax-account,file-Bf4aheR8Zdadt2ZSyL1wjA
Faster Payments,https://www.gov.uk/pay-self-assessment-tax-bill/bank-details?utm_source=sa-overview&utm_medium=internal-link&utm_campaign=faster-payments-callout,file-TX4ePxKzWwGZrbc7JW34as
Tax if you come to the UK,https://www.gov.uk/tax-come-to-uk,file-RRntnjfGPr5vLe7TmbU9rr
cheque through the post,https://www.gov.uk/pay-self-assessment-tax-bill/by-post?utm_source=sa-overview&utm_medium=internal-link&utm_campaign=by-post,file-UKoHLcf3KpsGBaz1TXoCPm
keep records,https://www.gov.uk/keeping-your-pay-tax-records,file-SN9HdtUMiJENiXd7g1acKr
Government calls on councils to make taxis and private hire vehicles more accessible,https://www.gov.uk/government/news/government-calls-on-councils-to-make-taxis-and-private-hire-vehicles-more-accessible,file-EksuGAcyXigwYKs52aYSn1
add Corporation Tax services,https://www.gov.uk/limited-company-formation/add-corporation-tax-services-to-business-tax-account,file-2XPRZsaHargsKjsJ67NsZj
Do a tax check when applying for a licence: service availability and issues,https://www.gov.uk/government/publications/do-a-tax-check-when-applying-for-a-licence-service-availability-and-issues,file-1ZCaTjjrG3oC2bdMTRrMPf
If a Direct Debit payment fails,https://www.gov.uk/vehicle-tax-direct-debit/payment-fails,file-8LFxSwfEpkjv8kySfnRgpm
Work out tax relief when you sell your home,https://www.gov.uk/tax-relief-selling-home,file-E8L8e9hKngcScey6NcmDRW
Tax types for Data Element 4/3 of the Customs Declaration Service,https://www.gov.uk/government/publications/tax-types-for-data-element-43-of-the-customs-declaration-service,file-1wZkgk7AdEydJYNryMyJbF
Complete an online form then print and send it to HMRC,https://www.gov.uk/government/publications/report-capital-gains-tax-on-uk-property,file-MvWQuvy3YnHmiAZJ6fdCaa
If you cannot pay your tax bill on time,https://www.gov.uk/difficulties-paying-hmrc,file-JH8rTLq27BCYDxpkWBxMmH
Apply online for Tax-Free Childcare,https://www.gov.uk/apply-for-tax-free-childcare?step-by-step-nav=d78aeaf6-1747-4d72-9619-f16efb4dd89d,file-SVWRbMyxb6V5K38yuf6UWH
"Report unlicensed taxis, minicabs or private hire vehicles",https://www.gov.uk/report-unlicenced-taxi,file-36X6Ybo374CECk8ndHggMP
Types of trust,https://www.gov.uk/trusts-taxes/types-of-trust,file-Dze9zbYrTrvUyYauSTPrhS
Report tobacco or alcohol tax evasion,https://www.gov.uk/report-tobacco-or-alcohol-tax-evasion,file-D6y7LBFrudp3YXKd6PYkC6
Inheritance Tax: service availability and issues,https://www.gov.uk/government/publications/inheritance-tax-service-availability-and-issues,file-NdhFNijdt3weVFxUxhxL54
Cars and light goods vehicles registered before 1 March 2001,https://www.gov.uk/vehicle-tax-rate-tables/rates-for-cars-and-light-goods-vehicles-registered-before-1-march-2001,file-1y24qAaaJAyvViHYv1SyKp
Listings Decision: National Association of Colliery Officials Deputies and Shotfirers (CO/L/2/16-17),https://www.gov.uk/government/publications/listings-decision-national-association-of-colliery-officials-deputies-and-shotfirers,file-GeASXu2ojQ4qmEiPX89sNx
complete your client’s Self Assessment tax return if you’re an agent,https://www.gov.uk/guidance/use-software-to-help-complete-your-clients-self-assessment-tax-return,file-N4ug2QhHTyvUXk2FVWkCxs
View a printable version of the whole guide,https://www.gov.uk/change-vehicle-tax-class/print,file-RC3oyNGAP4yUa3SouyXDo8
Claim tax relief for your job expenses,https://www.gov.uk/tax-relief-for-employees,file-SgPsGurm8W2rj41QKzpYdm
eligible to pay Class 2 National Insurance,https://www.gov.uk/renting-out-a-property/paying-tax,file-K3obUs4aVUCkEeF8LPq97c
Report Pillar 2 top-up taxes: service availability and issues,https://www.gov.uk/government/publications/report-pillar-2-top-up-taxes-service-availability-and-issues,file-YQs7uBaPt37RtZT9sYf2ps
Pay your tax bill by debit or corporate credit card,https://www.gov.uk/pay-tax-debit-credit-card,file-JZS9moCM6HRgPL4kzH9QVj
how tax credits and Universal Credit affect each other,https://www.gov.uk/how-tax-credits-affect-other-benefits,file-WCcwgV9hm9k935f6rbZmQf
tax-free allowance,https://www.gov.uk/capital-gains-tax/allowances,file-H6f6oifnvA4BtRLr3LmXUH
Paying your tax bill,https://www.gov.uk/#paying-your-tax-bill,file-PuXWDPY1PeLDBF1WBeAAAf
Appeal to the tax tribunal,https://www.gov.uk/tax-tribunal,file-JGbyoE7xfvP51BMGXtqnKX
Pay Landfill Tax,https://www.gov.uk/guidance/pay-landfill-tax,file-PoERKo31uG7wArJnyRcMJh
R185 (LSDB),https://www.gov.uk/government/publications/trusts-and-estates-trustee-notification-of-tax-deducted-r185-lsdb,file-C6pgYHDhdNduMvpcnDVSaY
Self Assessment tax return: sign in,https://www.gov.uk/log-in-file-self-assessment-tax-return,file-Ew6pYrCcGnYhRJoRkP95Q2
How to update your tax code,https://www.gov.uk/tax-codes/how-to-update-your-tax-code,file-7EfwRbfe9QVEmwWVx9XsRH
"Your pay, tax and the National Minimum Wage",https://www.gov.uk/browse/working/tax-minimum-wage,file-DrNnBj5csspcyXBEYG9XP9
Report the value of the estate to HMRC for Inheritance Tax,https://www.gov.uk/guidance/work-out-what-part-of-your-estate-pays-inheritance-tax,file-LDxGMacDGiAYTFBEG4zV4A
Marginal Relief for Corporation Tax: service availability and issues,https://www.gov.uk/government/publications/marginal-relief-for-corporation-tax-service-availability-and-issues,file-FYTYEh5uNaPxD7R2oWRWFL
Personal tax account: sign in or set up,https://www.gov.uk/personal-tax-account,file-NaZyAx1zDBh9DCjU8rJCjZ
Cymraeg,https://www.gov.uk/guidance/sign-in-to-your-childcare-provider-account-for-tax-free-childcare.cy,file-88AkPa8kXWJpg9WMz67t6k
bank or building society,https://www.gov.uk/pay-self-assessment-tax-bill/bank-or-building-society?utm_source=sa-overview&utm_medium=internal-link&utm_campaign=bank-or-building-society,file-4KwDyW7CVGdJt5MQYN9nsd
What your tax code means,https://www.gov.uk/tax-codes/what-your-tax-code-means,file-2DJ81T3Dkc7zKZm1qT6ZTd
Income Tax,https://www.gov.uk/income-tax-rates,file-5i3h9QWywm1Sx4JmsgqVfy
Get a refund or interest on your Corporation Tax,https://www.gov.uk/get-refund-interest-corporation-tax,file-KXbtRYNVfiqgR7D5bAQqWi
Student jobs: paying tax,https://www.gov.uk/student-jobs-paying-tax,file-YJbCHZv5eUCfwurpu6SSSn
Complaints procedure,https://www.gov.uk/government/organisations/reserve-forces-and-cadets-associations/about/complaints-procedure,file-UwpHVHyERNBCaRYzBkZJ5j
Inheritance Tax: detailed information,https://www.gov.uk/government/collections/inheritance-tax-detailed-information,file-9CnjxeiLZC6tGntdkRH9tW
tax for employers,https://www.gov.uk/government/organisations/hm-revenue-customs/contact/employer-enquiries,file-8ZqX5WceU6M7rg83c3z4uU
Business tax,https://www.gov.uk/money/business-tax,file-NhGZ29n5bScfFMPHwyAL3q
Selling or inheriting assets,https://www.gov.uk/tax-uk-income-live-abroad/selling-or-inheriting-assets,file-WXkFJkMmWfhU1r6g8AxuAM
Low income benefits and tax credits Cost of Living Payment,https://www.gov.uk/#low-income-benefits-and-tax-credits-cost-of-living-payment,file-ERFCMHHJJNJCXP5gXcVcL5
Apply for financial help for an employee tax refund,https://www.gov.uk/payroll-funding,file-LbjyjFrnEjoc4CZuyzAQAQ
Ebbsfleet Development Corporation,https://www.gov.uk/government/organisations/ebbsfleet-development-corporation,file-USKDD7XEZiXRenpinRx5kK
form R43,https://www.gov.uk/government/publications/income-tax-claim-to-personal-allowances-and-tax-repayment-by-an-individual-not-resident-in-the-uk-r43,file-1qSGrbBCQRLzWsGycnE9bh
Cancel your vehicle tax and get a refund,https://www.gov.uk/vehicle-tax-refund,file-VJ8YR45b5tiMDP8RXpeyzK
Forbes v Scottish Secondary Teachers’ Association,https://www.gov.uk/government/publications/breach-of-statutory-balloting-procedures-breach-of-union-rules-decision-forbes-v-scottish-secondary-teachers-association,file-LA7Rgt5WF2MPA3LPZUHJEb
Cars registered between 1 March 2001 and 31 March 2017,https://www.gov.uk/vehicle-tax-rate-tables/rates-for-cars-registered-on-or-after-1-march-2001,file-1SnuxZpCGAs6YJjHc4HnMB
DCMS and Channel Four Television Corporation: Memorandum of Understanding,https://www.gov.uk/government/publications/dcms-and-channel-four-television-corporation-memorandum-of-understanding,file-PitjnDDvYeN3pmWyLjLbLZ
Capital Gains Tax for business,https://www.gov.uk/capital-gains-tax-businesses,file-Uxz2GShq7LAzhxtbxomRFG
SA970 form,https://www.gov.uk/government/publications/self-assessment-tax-return-for-trustees-of-registered-pension-schemes-sa970,file-61Uc6DfXSxqfz4xRrD32xR
Register for gambling tax,https://www.gov.uk/register-pay-gambling-tax,file-6VytfKRsjYiv38wUCvpYsd
Read more about what we do,https://www.gov.uk/government/organisations/reserve-forces-and-cadets-associations/about,file-ST1yj5VHNSeqG5rExeXEwi
Tax your vehicle,https://www.gov.uk/vehicle-tax?step-by-step-nav=58fad183-27f5-4dd9-b51e-696c992373d7,file-9TqdziitiqgDuVGHYCcQsg
Stamp Duty Land Tax calculator: service availability and issues,https://www.gov.uk/government/publications/stamp-duty-land-tax-calculator-service-availability-and-issues,file-LVD8kAW2vcbpq6ZWPKKuWE
for an estate,https://www.gov.uk/self-assessment-tax-returns/returns-for-someone-who-has-died,file-RPivLe3WmDffnvC9hKtNMk
Emergency tax codes,https://www.gov.uk/tax-codes/emergency-tax-codes,file-LJuDXuB1o4gWcNpVffJuAM
trusts that need to be registered,https://www.gov.uk/trusts-taxes/registering-a-trust,file-LXJEE4fSTZsekWMYgfeU6h
Check employment status for tax,https://www.gov.uk/guidance/check-employment-status-for-tax,file-NViHpvA9EJLmsGejmwam2d
Incorporation Relief,https://www.gov.uk/incorporation-relief,file-NnXzAW1m4jLvA1qidEGyQY
stop paying Class 1 National Insurance,https://www.gov.uk/tax-national-insurance-after-state-pension-age/stopping-paying-national-insurance,file-4MRJcJ1WbXiG46UVF6cm7r
Pay Aggregates Levy,https://www.gov.uk/guidance/pay-environmental-taxes,file-6QYB61KMFvtHxW7zEpKxgv
Tax on shopping and services,https://www.gov.uk/tax-on-shopping,file-Scj2A7F1Vk5fKPmrFfoMZD
Self Assessment tax return helpsheets,https://www.gov.uk/government/collections/self-assessment-helpsheets-main-self-assessment-tax-return,file-K639FEWwU91fae9s6wQKJT
View a printable version of the whole guide,https://www.gov.uk/tax-codes/print,file-Gs3xnX6KCSo1vwzuSHmZpC
"Tax on property, money and shares you inherit",https://www.gov.uk/tax-property-money-shares-you-inherit,file-MR7W399BUQfoeo6gADwu43
Accounts and tax returns for private limited companies,https://www.gov.uk/prepare-file-annual-accounts-for-limited-company,file-WKv7yYAgUxmwBsEtxyuSb2
Company Names Tribunal decision: Westpac Corporation Limited,https://www.gov.uk/government/publications/company-names-tribunal-decision-westpac-corporation-limited,file-FoDMjtKpYEW4To7e8dYFKq
What you pay it on,https://www.gov.uk/capital-gains-tax/what-you-pay-it-on,file-2XQFrJEaAUskNx1sbk3BwK
Tax credits: appeals and complaints,https://www.gov.uk/tax-credits-appeals-complaints,file-NqCBKLwxqivbTQT7vzgjev
Woodland owners: tax guidance,https://www.gov.uk/guidance/woodland-owners-tax-guidance,file-AJ9oLd6psUzNVdpiYw8Vcd
Other taxes and penalties,https://www.gov.uk/#other-taxes-and-penalties,file-PHrZMcWCWZrXDdTF4vQHBG
Universal Credit and tax credits,https://www.gov.uk/government/publications/universal-credit-and-tax-credits,file-NVMSdfDqSkXt5J6XJa3rz9
Pay Corporation Tax if you’re a large company,https://www.gov.uk/guidance/corporation-tax-paying-in-instalments,file-Ppm4YDN8AxeqkmUpoXkLrP
Who must send a tax return,https://www.gov.uk/self-assessment-tax-returns/who-must-send-a-tax-return,file-WNNFE4kTUXRdv5nHdcZj5x
Tax credits if you have a baby,https://www.gov.uk/tax-credits-if-you-have-baby,file-XL4tCCYRq1m5pkUczZhSNd
Inheritance Tax,https://www.gov.uk/#inheritance-tax,file-Lt8NNonfXFyjmh3yj8kzsY
Breach of Union Rule decision: Mr Tully v National Crime Officers Association,https://www.gov.uk/government/publications/breach-of-union-rules-decision-mr-tully-v-national-crime-officers-association,file-5CQ76kDuLhLQBNrFe4sFXa
Tax credits: your payment dates,https://www.gov.uk/when-is-your-next-tax-credits-payment,file-DCW9bMW3MxTVnxm3bQZZMn
Check if you're eligible for Tax-Free Childcare,https://www.gov.uk/tax-free-childcare?step-by-step-nav=d78aeaf6-1747-4d72-9619-f16efb4dd89d,file-85Hudpm3tW9ncCvF1YHxKh
Correct a mistake on your tax credits claim form,https://www.gov.uk/correct-mistake-tax-credits-claim-form,file-J9oSa13miBhK4HC3Lc1y4J
How to add a tax through your business tax account,https://www.gov.uk/#how-to-add-a-tax-through-your-business-tax-account,file-YZF1Q5mpr2kMP1LBpJjRY2
Tax compliance checks,https://www.gov.uk/tax-compliance-checks,file-DNNcB6mtNHikRgYXrnc9WT
Check when you don't have to pay vehicle tax,https://www.gov.uk/vehicle-exempt-from-vehicle-tax?step-by-step-nav=58fad183-27f5-4dd9-b51e-696c992373d7,file-TWtgsDiMnt1fsm6xRf2M3U
Self Assessment: tax calculation summary (SA110),https://www.gov.uk/government/publications/self-assessment-tax-calculation-summary-sa110,file-UX2QWoKEi3hUZEH5x3wh92
Tax-Free Childcare,https://www.gov.uk/tax-free-childcare,file-BcgwBUAt1AZbhfWMVe8z5r
Get free vehicle tax if you're a driver with a disability,https://www.gov.uk/get-vehicle-tax-exemption-disability,file-JyxAgAYoThEVkbMzSRPcuu
Move to Universal Credit if you get a Migration Notice letter,https://www.gov.uk/guidance/tax-credits-and-some-benefits-are-ending-move-to-universal-credit,file-DvHCYenjXsKAZwi5V9R2Am
Appeal a Council Tax bill or fine,https://www.gov.uk/council-tax-appeals,file-5SD7APhdMQKqRcNS9KWQYv
Government Tax Profession,https://www.gov.uk/government/organisations/civil-service-government-tax-profession,file-6HAp9qRKKsnLGAAZQ4FVfK
Why your tax code might change,https://www.gov.uk/tax-codes/why-tax-code-change,file-GFkkSKAmRrCJi1phzaxkAN
Capital Gains Tax: detailed information,https://www.gov.uk/government/collections/capital-gains-tax-detailed-information,file-A9tpkpbbh5R5C7xSooz18o
Tax on foreign income,https://www.gov.uk/tax-foreign-income,file-FzRrq8MDFLLDn76HaCbVc1
Right to Acquire: buying your housing association home,https://www.gov.uk/right-to-acquire-buying-housing-association-home,file-Bj89xmP6ZFUbMc2Pr2Cgcp
Tax-Free Childcare,https://www.gov.uk/help-with-childcare-costs/tax-free-childcare,file-CVSmECmNNb9LJwGqexzQ17
View a printable version of the whole guide,https://www.gov.uk/report-and-pay-your-capital-gains-tax/print,file-Srt3wWz5tj2dQ6xmpUTJSn
Other vehicle tax rates,https://www.gov.uk/vehicle-tax-rate-tables/other-vehicle-tax-rates,file-Pzf3MJpjyqrMgF6LJKDErX
Income Tax in Scotland,https://www.gov.uk/scottish-income-tax,file-PnoviimEJcdwAim6BJugGD
Work out and apply the residence nil rate band for Inheritance Tax,https://www.gov.uk/guidance/inheritance-tax-residence-nil-rate-band,file-1mRpZmEnrGQ1ZUwQXC18LU
paper form SA900,https://www.gov.uk/government/publications/self-assessment-trust-and-estate-tax-return-sa900,file-6HrmCZvFZjJhPN7za4RKaX
Check if you need to pay tax for charging an employee’s electric car,https://www.gov.uk/check-tax-charging-employee-car,file-WutYxEioW64Tudck8GNnvD
"How Inheritance Tax works: thresholds, rules and allowances",https://www.gov.uk/inheritance-tax,file-JAjxgg2mxuuWg4dvJx2TB6
Get emails,https://www.gov.uk/email-signup?link=/government/organisations/united-kingdom-reserve-forces-association,file-96ymLNZUxiddezxNjXRbqC
lived abroad as a non-resident,https://www.gov.uk/tax-uk-income-live-abroad,file-4Gt2GiVVFSLcgWNwbSbFGG
Pay tax on cryptoassets,https://www.gov.uk/guidance/pay-tax-on-cryptoassets,file-YA6jF98XhdfVm5xXvaN5z9
Deadlines,https://www.gov.uk/self-assessment-tax-returns/deadlines,file-LVAW5AxUnFEZDhf18Ui3uS
Tax when your limited company gives to charity,https://www.gov.uk/tax-limited-company-gives-to-charity,file-7eyn3AqJJedYK8R8WtabU2
Check if an estate qualifies for the Inheritance Tax residence nil rate band,https://www.gov.uk/guidance/check-if-you-can-get-an-additional-inheritance-tax-threshold,file-QP7f9mirGqYk1BUDpsdrUy
Direct Debit,https://www.gov.uk/pay-self-assessment-tax-bill/direct-debit,file-FbHsdxyLX1VmEwbsAz3H7K
Personal Allowance,https://www.gov.uk/income-tax-rates/current-rates-and-allowances,file-MmyRmwpaUvddAiiVumufaG
Appoint someone to deal with HMRC on your behalf,https://www.gov.uk/appoint-tax-agent,file-FeUTiAe1bFxaE238yi9MP7
Corporation Tax when you sell business assets,https://www.gov.uk/tax-when-your-company-sells-assets,file-ByST5tzHMrd9iAcmPHJ8pC
Pay weekly or monthly,https://www.gov.uk/pay-self-assessment-tax-bill/pay-weekly-monthly,file-FLy5b9psAisNEEcRwWV1Af
Challenge your Council Tax band,https://www.gov.uk/challenge-council-tax-band,file-9TWtUQcjGjsdEEQpRMUav8
Report and pay Capital Gains Tax on UK property: service availability and issues,https://www.gov.uk/government/publications/report-and-pay-capital-gains-tax-on-uk-property-service-availability-and-issues,file-HWgLUa6gFnhLFMX5JVXRzT
download or request other forms,https://www.gov.uk/self-assessment-tax-return-forms,file-MCyXQ2e3tHeggqAeNiiESC
